time,x_actual,z_actual,x_est,z_est
0.032,-0.36567126838193903,-0.5651271465362343,0.17166562980986336,0.20211926034055938
